date,region,rainfall_mm,storm_flag,temperature_c
2023-01-01,North,3.51,0,19.3
2023-01-02,North,0.75,0,16.4
2023-01-03,North,6.29,0,18.5
2023-01-04,North,2.97,0,19.9
2023-01-05,North,6.58,0,19.6
2023-01-06,North,4.44,0,17.6
2023-01-07,North,5.05,0,18.9
2023-01-08,North,7.77,0,19.1
2023-01-09,North,1.56,0,20.3
2023-01-10,North,1.23,0,20.4
2023-01-11,North,7.74,0,19.1
2023-01-12,North,3.76,0,21.7
2023-01-13,North,3.81,0,19.0
2023-01-14,North,3.5,0,21.2
2023-01-15,North,6.44,0,20.7
2023-01-16,North,5.46,0,21.1
2023-01-17,North,0.06,0,21.3
2023-01-18,North,5.64,0,20.6
2023-01-19,North,4.55,0,20.8
2023-01-20,North,5.35,0,22.8
2023-01-21,North,6.12,0,21.8
2023-01-22,North,4.47,0,22.9
2023-01-23,North,3.49,0,23.1
2023-01-24,North,6.83,0,20.3
2023-01-25,North,2.25,0,22.4
2023-01-26,North,4.46,0,22.6
2023-01-27,North,3.25,0,23.2
2023-01-28,North,0.18,0,22.1
2023-01-29,North,3.7,0,22.1
2023-01-30,North,1.22,0,23.6
2023-01-31,North,3.05,0,22.5
2023-02-01,North,2.89,0,21.1
2023-02-02,North,7.7,0,24.0
2023-02-03,North,2.13,0,25.5
2023-02-04,North,5.74,0,22.3
2023-02-05,North,0.77,0,23.3
2023-02-06,North,1.62,0,24.6
2023-02-07,North,1.41,0,21.9
2023-02-08,North,5.76,0,24.6
2023-02-09,North,4.67,0,24.0
2023-02-10,North,3.33,0,24.8
2023-02-11,North,2.64,0,25.2
2023-02-12,North,4.7,0,23.8
2023-02-13,North,4.65,0,22.8
2023-02-14,North,0.18,0,22.8
2023-02-15,North,6.26,0,26.4
2023-02-16,North,3.93,0,25.9
2023-02-17,North,3.79,0,25.8
2023-02-18,North,4.17,0,24.6
2023-02-19,North,110.65,1,25.3
2023-02-20,North,79.86,1,23.2
2023-02-21,North,90.5,1,25.7
2023-02-22,North,6.15,0,27.4
2023-02-23,North,1.84,0,24.6
2023-02-24,North,2.97,0,24.9
2023-02-25,North,2.54,0,27.6
2023-02-26,North,4.12,0,26.3
2023-02-27,North,1.32,0,25.7
2023-02-28,North,7.94,0,26.8
2023-03-01,North,7.13,0,26.4
2023-03-02,North,2.53,0,27.0
2023-03-03,North,2.99,0,27.4
2023-03-04,North,2.1,0,25.0
2023-03-05,North,0.98,0,29.5
2023-03-06,North,1.43,0,29.2
2023-03-07,North,1.57,0,25.7
2023-03-08,North,7.77,0,27.1
2023-03-09,North,0.11,0,29.3
2023-03-10,North,5.42,0,24.2
2023-03-11,North,5.55,0,25.5
2023-03-12,North,6.43,0,28.8
2023-03-13,North,1.05,0,26.7
2023-03-14,North,3.91,0,28.3
2023-03-15,North,2.29,0,26.5
2023-03-16,North,79.97,1,27.9
2023-03-17,North,39.53,1,27.8
2023-03-18,North,67.72,1,31.5
2023-03-19,North,83.64,1,26.5
2023-03-20,North,3.74,0,26.9
2023-03-21,North,104.65,1,26.8
2023-03-22,North,50.94,1,27.6
2023-03-23,North,84.54,1,27.1
2023-03-24,North,3.41,0,27.8
2023-03-25,North,3.63,0,31.1
2023-03-26,North,5.97,0,30.7
2023-03-27,North,0.53,0,27.4
2023-03-28,North,6.6,0,26.5
2023-03-29,North,7.37,0,28.6
2023-03-30,North,1.23,0,25.9
2023-03-31,North,34.99,1,28.3
2023-04-01,North,34.8,1,28.7
2023-04-02,North,3.15,0,28.5
2023-04-03,North,7.0,0,26.9
2023-04-04,North,1.45,0,32.2
2023-04-05,North,4.57,0,28.6
2023-04-06,North,2.99,0,28.4
2023-04-07,North,6.67,0,28.3
2023-04-08,North,0.79,0,29.3
2023-04-09,North,7.84,0,27.2
2023-04-10,North,5.14,0,27.4
2023-04-11,North,4.29,0,28.1
2023-04-12,North,3.7,0,27.5
2023-04-13,North,2.13,0,27.2
2023-04-14,North,3.34,0,30.4
2023-04-15,North,2.93,0,27.2
2023-04-16,North,5.49,0,27.2
2023-04-17,North,7.33,0,30.2
2023-04-18,North,4.28,0,30.2
2023-04-19,North,6.44,0,27.1
2023-04-20,North,2.31,0,29.0
2023-04-21,North,5.56,0,27.1
2023-04-22,North,0.76,0,30.1
2023-04-23,North,7.49,0,27.2
2023-04-24,North,6.41,0,29.5
2023-04-25,North,6.36,0,25.7
2023-04-26,North,4.72,0,26.1
2023-04-27,North,1.37,0,28.8
2023-04-28,North,3.73,0,27.4
2023-04-29,North,6.39,0,29.3
2023-04-30,North,7.45,0,27.7
2023-05-01,North,0.7,0,27.3
2023-05-02,North,6.19,0,27.9
2023-05-03,North,7.19,0,26.9
2023-05-04,North,2.91,0,26.2
2023-05-05,North,1.18,0,27.9
2023-05-06,North,3.07,0,28.5
2023-05-07,North,7.49,0,26.5
2023-05-08,North,3.01,0,28.1
2023-05-09,North,7.61,0,26.8
2023-05-10,North,5.1,0,22.9
2023-05-11,North,5.49,0,25.9
2023-05-12,North,6.6,0,23.8
2023-05-13,North,3.54,0,26.2
2023-05-14,North,6.25,0,23.3
2023-05-15,North,7.03,0,24.6
2023-05-16,North,0.85,0,25.4
2023-05-17,North,7.18,0,25.9
2023-05-18,North,1.14,0,25.2
2023-05-19,North,7.29,0,25.6
2023-05-20,North,0.04,0,25.9
2023-05-21,North,6.41,0,22.3
2023-05-22,North,0.46,0,25.5
2023-05-23,North,6.18,0,25.9
2023-05-24,North,0.32,0,23.0
2023-05-25,North,4.04,0,26.0
2023-05-26,North,6.81,0,23.0
2023-05-27,North,1.54,0,23.2
2023-05-28,North,7.84,0,21.5
2023-05-29,North,4.93,0,24.2
2023-05-30,North,5.68,0,24.7
2023-05-31,North,1.47,0,21.6
2023-06-01,North,6.27,0,22.7
2023-06-02,North,1.16,0,24.8
2023-06-03,North,4.62,0,24.3
2023-06-04,North,7.52,0,23.1
2023-06-05,North,3.23,0,25.3
2023-06-06,North,1.07,0,22.5
2023-06-07,North,3.42,0,22.6
2023-06-08,North,3.29,0,20.7
2023-06-09,North,4.71,0,20.1
2023-06-10,North,3.35,0,24.5
2023-06-11,North,4.58,0,22.0
2023-06-12,North,5.18,0,21.6
2023-06-13,North,6.3,0,22.7
2023-06-14,North,5.01,0,24.9
2023-06-15,North,5.89,0,20.9
2023-06-16,North,4.03,0,20.4
2023-06-17,North,2.52,0,19.2
2023-06-18,North,0.93,0,21.3
2023-06-19,North,0.44,0,19.7
2023-06-20,North,1.38,0,21.4
2023-06-21,North,0.12,0,16.8
2023-06-22,North,2.98,0,21.0
2023-06-23,North,0.96,0,15.0
2023-06-24,North,7.96,0,19.9
2023-06-25,North,5.5,0,16.8
2023-06-26,North,5.13,0,18.8
2023-06-27,North,4.2,0,19.8
2023-06-28,North,6.69,0,21.0
2023-06-29,North,6.71,0,20.4
2023-06-30,North,3.59,0,17.6
2023-07-01,North,6.04,0,18.5
2023-07-02,North,1.21,0,16.5
2023-07-03,North,0.36,0,15.4
2023-07-04,North,3.92,0,19.3
2023-07-05,North,0.67,0,14.9
2023-07-06,North,5.1,0,17.0
2023-07-07,North,6.1,0,17.4
2023-07-08,North,4.32,0,17.9
2023-07-09,North,3.86,0,17.2
2023-07-10,North,4.04,0,16.1
2023-07-11,North,6.8,0,14.5
2023-07-12,North,4.25,0,14.9
2023-07-13,North,7.34,0,16.1
2023-07-14,North,2.71,0,17.0
2023-07-15,North,70.34,1,16.0
2023-07-16,North,83.86,1,15.4
2023-07-17,North,55.02,1,14.0
2023-07-18,North,7.85,0,17.2
2023-07-19,North,6.09,0,15.6
2023-07-20,North,7.71,0,14.4
2023-07-21,North,0.91,0,17.7
2023-07-22,North,4.42,0,14.9
2023-07-23,North,7.88,0,14.8
2023-07-24,North,6.0,0,13.6
2023-07-25,North,0.33,0,13.4
2023-07-26,North,7.88,0,14.3
2023-07-27,North,3.29,0,12.9
2023-07-28,North,4.44,0,12.6
2023-07-29,North,6.58,0,14.1
2023-07-30,North,0.39,0,11.7
2023-07-31,North,5.71,0,13.8
2023-08-01,North,5.92,0,14.1
2023-08-02,North,1.88,0,15.0
2023-08-03,North,0.04,0,13.1
2023-08-04,North,0.24,0,11.7
2023-08-05,North,5.37,0,10.8
2023-08-06,North,2.78,0,16.1
2023-08-07,North,4.72,0,11.7
2023-08-08,North,7.09,0,10.3
2023-08-09,North,2.74,0,9.6
2023-08-10,North,7.99,0,12.0
2023-08-11,North,1.09,0,12.5
2023-08-12,North,5.61,0,8.9
2023-08-13,North,7.32,0,14.1
2023-08-14,North,2.92,0,9.5
2023-08-15,North,0.14,0,9.8
2023-08-16,North,2.75,0,10.5
2023-08-17,North,6.02,0,9.5
2023-08-18,North,7.18,0,8.1
2023-08-19,North,7.27,0,9.8
2023-08-20,North,4.73,0,10.9
2023-08-21,North,1.93,0,11.6
2023-08-22,North,6.99,0,10.8
2023-08-23,North,6.34,0,9.9
2023-08-24,North,3.81,0,11.9
2023-08-25,North,6.52,0,9.2
2023-08-26,North,1.48,0,11.0
2023-08-27,North,5.22,0,9.1
2023-08-28,North,3.46,0,11.1
2023-08-29,North,0.82,0,8.4
2023-08-30,North,0.52,0,8.1
2023-08-31,North,2.5,0,9.0
2023-09-01,North,3.08,0,10.9
2023-09-02,North,1.66,0,10.0
2023-09-03,North,3.33,0,9.1
2023-09-04,North,6.9,0,9.0
2023-09-05,North,3.92,0,6.6
2023-09-06,North,6.24,0,7.4
2023-09-07,North,2.58,0,5.4
2023-09-08,North,5.47,0,10.9
2023-09-09,North,7.44,0,7.0
2023-09-10,North,5.69,0,8.7
2023-09-11,North,1.11,0,9.0
2023-09-12,North,46.95,1,9.7
2023-09-13,North,39.96,1,5.1
2023-09-14,North,51.75,1,10.2
2023-09-15,North,83.12,1,5.6
2023-09-16,North,85.72,1,9.1
2023-09-17,North,99.56,1,6.9
2023-09-18,North,7.35,0,6.7
2023-09-19,North,7.88,0,9.9
2023-09-20,North,2.55,0,9.1
2023-09-21,North,1.73,0,9.1
2023-09-22,North,0.62,0,8.6
2023-09-23,North,0.15,0,7.3
2023-09-24,North,5.66,0,10.7
2023-09-25,North,7.12,0,10.1
2023-09-26,North,1.15,0,6.4
2023-09-27,North,4.06,0,6.1
2023-09-28,North,31.49,1,10.7
2023-09-29,North,82.62,1,8.0
2023-09-30,North,110.76,1,8.1
2023-10-01,North,78.26,1,6.4
2023-10-02,North,0.4,0,6.1
2023-10-03,North,5.31,0,5.3
2023-10-04,North,50.82,1,9.6
2023-10-05,North,52.83,1,6.8
2023-10-06,North,3.17,0,8.6
2023-10-07,North,4.54,0,7.9
2023-10-08,North,3.35,0,8.4
2023-10-09,North,101.64,1,8.5
2023-10-10,North,66.72,1,7.2
2023-10-11,North,110.07,1,7.6
2023-10-12,North,1.19,0,6.5
2023-10-13,North,1.6,0,6.5
2023-10-14,North,5.87,0,8.3
2023-10-15,North,4.14,0,10.1
2023-10-16,North,6.26,0,10.7
2023-10-17,North,7.23,0,7.3
2023-10-18,North,0.8,0,10.6
2023-10-19,North,0.19,0,11.3
2023-10-20,North,5.75,0,8.4
2023-10-21,North,2.55,0,13.4
2023-10-22,North,3.27,0,10.1
2023-10-23,North,3.74,0,10.1
2023-10-24,North,3.15,0,8.8
2023-10-25,North,5.48,0,6.0
2023-10-26,North,1.95,0,6.8
2023-10-27,North,7.05,0,8.0
2023-10-28,North,1.49,0,8.5
2023-10-29,North,2.08,0,9.6
2023-10-30,North,7.67,0,9.3
2023-10-31,North,0.89,0,9.3
2023-11-01,North,6.12,0,9.4
2023-11-02,North,7.88,0,7.8
2023-11-03,North,0.57,0,10.0
2023-11-04,North,4.42,0,5.9
2023-11-05,North,4.93,0,8.9
2023-11-06,North,2.03,0,9.4
2023-11-07,North,4.67,0,8.7
2023-11-08,North,2.97,0,10.7
2023-11-09,North,6.18,0,12.6
2023-11-10,North,0.97,0,10.0
2023-11-11,North,2.12,0,8.8
2023-11-12,North,3.31,0,11.4
2023-11-13,North,5.68,0,12.4
2023-11-14,North,2.71,0,11.6
2023-11-15,North,1.96,0,10.4
2023-11-16,North,7.1,0,10.1
2023-11-17,North,3.92,0,10.9
2023-11-18,North,3.48,0,11.4
2023-11-19,North,7.62,0,13.1
2023-11-20,North,1.31,0,12.4
2023-11-21,North,2.03,0,13.1
2023-11-22,North,7.33,0,13.1
2023-11-23,North,3.72,0,12.3
2023-11-24,North,1.5,0,7.7
2023-11-25,North,5.93,0,9.6
2023-11-26,North,7.37,0,10.6
2023-11-27,North,2.74,0,11.7
2023-11-28,North,6.01,0,13.2
2023-11-29,North,7.39,0,11.3
2023-11-30,North,0.02,0,10.9
2023-12-01,North,0.5,0,14.4
2023-12-02,North,1.22,0,13.1
2023-12-03,North,7.37,0,11.9
2023-12-04,North,3.69,0,12.9
2023-12-05,North,3.78,0,14.4
2023-12-06,North,1.42,0,14.9
2023-12-07,North,0.32,0,11.9
2023-12-08,North,6.0,0,15.0
2023-12-09,North,5.28,0,15.6
2023-12-10,North,2.93,0,16.4
2023-12-11,North,4.49,0,15.8
2023-12-12,North,7.26,0,16.0
2023-12-13,North,2.74,0,14.3
2023-12-14,North,1.01,0,15.6
2023-12-15,North,5.24,0,16.4
2023-12-16,North,47.8,1,14.7
2023-12-17,North,107.46,1,14.0
2023-12-18,North,90.11,1,15.9
2023-12-19,North,54.76,1,15.4
2023-12-20,North,5.4,0,16.6
2023-12-21,North,4.34,0,13.1
2023-12-22,North,4.88,0,16.5
2023-12-23,North,2.56,0,18.4
2023-12-24,North,5.48,0,17.5
2023-12-25,North,7.0,0,18.4
2023-12-26,North,7.49,0,18.2
2023-12-27,North,4.36,0,18.4
2023-12-28,North,2.67,0,16.2
2023-12-29,North,7.39,0,16.2
2023-12-30,North,5.96,0,17.5
2023-12-31,North,3.84,0,15.9
2023-01-01,South,5.16,0,28.8
2023-01-02,South,4.69,0,28.1
2023-01-03,South,6.53,0,30.2
2023-01-04,South,0.06,0,27.1
2023-01-05,South,6.71,0,28.7
2023-01-06,South,0.93,0,28.7
2023-01-07,South,1.54,0,29.5
2023-01-08,South,4.96,0,28.5
2023-01-09,South,0.56,0,29.3
2023-01-10,South,2.17,0,29.9
2023-01-11,South,0.89,0,27.6
2023-01-12,South,3.39,0,29.2
2023-01-13,South,5.49,0,30.5
2023-01-14,South,8.0,0,30.3
2023-01-15,South,5.82,0,32.0
2023-01-16,South,3.69,0,31.6
2023-01-17,South,5.38,0,29.2
2023-01-18,South,6.66,0,29.9
2023-01-19,South,2.57,0,33.4
2023-01-20,South,3.93,0,31.0
2023-01-21,South,7.03,0,33.2
2023-01-22,South,4.27,0,30.2
2023-01-23,South,0.0,0,30.7
2023-01-24,South,0.28,0,31.6
2023-01-25,South,1.34,0,31.8
2023-01-26,South,6.58,0,31.9
2023-01-27,South,0.74,0,32.2
2023-01-28,South,2.06,0,32.7
2023-01-29,South,6.0,0,35.4
2023-01-30,South,1.75,0,32.1
2023-01-31,South,0.95,0,33.8
2023-02-01,South,1.4,0,34.8
2023-02-02,South,7.92,0,33.8
2023-02-03,South,3.59,0,33.7
2023-02-04,South,7.8,0,30.0
2023-02-05,South,1.77,0,33.3
2023-02-06,South,5.88,0,32.5
2023-02-07,South,6.63,0,36.8
2023-02-08,South,34.45,1,32.5
2023-02-09,South,73.76,1,34.2
2023-02-10,South,6.06,0,32.1
2023-02-11,South,3.08,0,35.2
2023-02-12,South,2.52,0,36.0
2023-02-13,South,0.53,0,34.9
2023-02-14,South,7.16,0,35.5
2023-02-15,South,7.12,0,37.4
2023-02-16,South,7.48,0,36.4
2023-02-17,South,4.69,0,33.5
2023-02-18,South,1.71,0,33.9
2023-02-19,South,3.38,0,36.2
2023-02-20,South,6.88,0,34.7
2023-02-21,South,0.44,0,39.2
2023-02-22,South,4.88,0,35.2
2023-02-23,South,7.44,0,32.0
2023-02-24,South,0.92,0,32.7
2023-02-25,South,6.82,0,36.1
2023-02-26,South,4.21,0,37.5
2023-02-27,South,3.21,0,37.5
2023-02-28,South,4.61,0,37.3
2023-03-01,South,7.83,0,34.8
2023-03-02,South,7.77,0,36.8
2023-03-03,South,4.68,0,36.8
2023-03-04,South,1.55,0,39.2
2023-03-05,South,4.71,0,39.4
2023-03-06,South,3.45,0,37.1
2023-03-07,South,7.46,0,36.8
2023-03-08,South,3.61,0,39.4
2023-03-09,South,5.27,0,36.1
2023-03-10,South,2.77,0,37.2
2023-03-11,South,1.33,0,38.8
2023-03-12,South,1.72,0,36.7
2023-03-13,South,2.06,0,36.2
2023-03-14,South,4.78,0,38.4
2023-03-15,South,7.56,0,37.0
2023-03-16,South,4.63,0,37.6
2023-03-17,South,5.44,0,38.2
2023-03-18,South,106.69,1,34.7
2023-03-19,South,71.92,1,37.8
2023-03-20,South,100.8,1,35.8
2023-03-21,South,2.98,0,39.0
2023-03-22,South,1.28,0,37.3
2023-03-23,South,4.29,0,39.1
2023-03-24,South,6.85,0,36.2
2023-03-25,South,7.03,0,34.8
2023-03-26,South,3.85,0,37.6
2023-03-27,South,4.86,0,39.8
2023-03-28,South,3.34,0,36.2
2023-03-29,South,6.7,0,38.6
2023-03-30,South,6.99,0,37.7
2023-03-31,South,3.71,0,39.8
2023-04-01,South,5.35,0,38.0
2023-04-02,South,0.32,0,39.5
2023-04-03,South,1.71,0,37.8
2023-04-04,South,2.75,0,36.4
2023-04-05,South,3.24,0,38.6
2023-04-06,South,0.65,0,39.0
2023-04-07,South,5.07,0,36.8
2023-04-08,South,0.29,0,37.1
2023-04-09,South,7.67,0,38.4
2023-04-10,South,2.41,0,37.7
2023-04-11,South,7.49,0,35.9
2023-04-12,South,0.48,0,40.7
2023-04-13,South,4.28,0,37.0
2023-04-14,South,3.18,0,37.2
2023-04-15,South,7.75,0,39.0
2023-04-16,South,2.29,0,36.0
2023-04-17,South,6.94,0,39.1
2023-04-18,South,7.81,0,38.2
2023-04-19,South,1.02,0,38.1
2023-04-20,South,4.35,0,37.9
2023-04-21,South,5.64,0,33.1
2023-04-22,South,3.09,0,34.7
2023-04-23,South,0.72,0,35.7
2023-04-24,South,3.57,0,36.2
2023-04-25,South,0.28,0,37.9
2023-04-26,South,7.81,0,38.0
2023-04-27,South,7.49,0,34.9
2023-04-28,South,0.39,0,36.7
2023-04-29,South,1.56,0,37.9
2023-04-30,South,4.3,0,36.8
2023-05-01,South,6.4,0,40.1
2023-05-02,South,7.59,0,38.7
2023-05-03,South,1.81,0,38.0
2023-05-04,South,3.03,0,36.1
2023-05-05,South,1.46,0,38.5
2023-05-06,South,5.38,0,37.5
2023-05-07,South,5.78,0,37.3
2023-05-08,South,1.5,0,34.8
2023-05-09,South,4.16,0,35.8
2023-05-10,South,7.96,0,34.0
2023-05-11,South,3.37,0,36.3
2023-05-12,South,1.82,0,35.4
2023-05-13,South,7.85,0,37.8
2023-05-14,South,3.8,0,34.9
2023-05-15,South,5.19,0,34.7
2023-05-16,South,5.1,0,38.6
2023-05-17,South,2.78,0,35.6
2023-05-18,South,7.68,0,33.7
2023-05-19,South,6.5,0,34.9
2023-05-20,South,3.68,0,32.5
2023-05-21,South,1.05,0,36.2
2023-05-22,South,5.98,0,34.1
2023-05-23,South,0.89,0,32.1
2023-05-24,South,1.58,0,34.8
2023-05-25,South,7.06,0,34.5
2023-05-26,South,1.4,0,35.2
2023-05-27,South,1.18,0,34.0
2023-05-28,South,1.02,0,32.7
2023-05-29,South,0.56,0,31.8
2023-05-30,South,5.98,0,34.4
2023-05-31,South,6.56,0,32.2
2023-06-01,South,1.41,0,32.7
2023-06-02,South,1.93,0,32.8
2023-06-03,South,2.18,0,32.8
2023-06-04,South,2.42,0,29.6
2023-06-05,South,6.11,0,31.3
2023-06-06,South,5.14,0,29.3
2023-06-07,South,4.91,0,31.7
2023-06-08,South,6.33,0,33.6
2023-06-09,South,0.13,0,28.6
2023-06-10,South,3.26,0,32.1
2023-06-11,South,6.69,0,34.5
2023-06-12,South,6.34,0,28.8
2023-06-13,South,6.98,0,30.7
2023-06-14,South,3.21,0,30.8
2023-06-15,South,7.51,0,28.1
2023-06-16,South,2.37,0,31.2
2023-06-17,South,0.46,0,29.6
2023-06-18,South,6.67,0,29.4
2023-06-19,South,1.4,0,31.3
2023-06-20,South,7.31,0,30.2
2023-06-21,South,6.52,0,28.4
2023-06-22,South,7.72,0,29.9
2023-06-23,South,3.46,0,29.5
2023-06-24,South,6.17,0,29.3
2023-06-25,South,1.7,0,29.2
2023-06-26,South,7.95,0,29.5
2023-06-27,South,4.15,0,29.6
2023-06-28,South,3.16,0,26.2
2023-06-29,South,1.51,0,27.0
2023-06-30,South,3.84,0,26.1
2023-07-01,South,5.52,0,28.7
2023-07-02,South,3.23,0,28.3
2023-07-03,South,5.84,0,27.7
2023-07-04,South,3.75,0,25.4
2023-07-05,South,3.71,0,28.2
2023-07-06,South,7.26,0,26.7
2023-07-07,South,2.19,0,27.0
2023-07-08,South,7.55,0,27.7
2023-07-09,South,6.77,0,27.2
2023-07-10,South,1.3,0,26.6
2023-07-11,South,1.69,0,26.7
2023-07-12,South,6.79,0,28.6
2023-07-13,South,6.94,0,24.2
2023-07-14,South,6.08,0,25.8
2023-07-15,South,7.51,0,23.0
2023-07-16,South,7.01,0,25.2
2023-07-17,South,6.56,0,21.7
2023-07-18,South,1.91,0,25.3
2023-07-19,South,4.66,0,24.8
2023-07-20,South,7.31,0,26.8
2023-07-21,South,5.42,0,24.4
2023-07-22,South,6.36,0,21.9
2023-07-23,South,7.34,0,28.0
2023-07-24,South,5.11,0,26.9
2023-07-25,South,0.75,0,24.4
2023-07-26,South,2.27,0,22.9
2023-07-27,South,7.84,0,24.0
2023-07-28,South,6.16,0,21.2
2023-07-29,South,5.27,0,22.4
2023-07-30,South,49.81,1,21.8
2023-07-31,South,80.72,1,25.0
2023-08-01,South,34.97,1,23.9
2023-08-02,South,107.86,1,23.2
2023-08-03,South,7.56,0,21.9
2023-08-04,South,2.06,0,20.5
2023-08-05,South,7.09,0,20.5
2023-08-06,South,6.23,0,25.8
2023-08-07,South,0.22,0,20.4
2023-08-08,South,5.08,0,18.5
2023-08-09,South,3.81,0,21.2
2023-08-10,South,1.61,0,21.5
2023-08-11,South,2.8,0,22.5
2023-08-12,South,7.78,0,21.6
2023-08-13,South,2.66,0,22.2
2023-08-14,South,0.72,0,19.1
2023-08-15,South,7.92,0,22.8
2023-08-16,South,6.62,0,20.2
2023-08-17,South,5.05,0,20.7
2023-08-18,South,4.18,0,18.5
2023-08-19,South,2.77,0,18.5
2023-08-20,South,6.37,0,20.6
2023-08-21,South,1.97,0,21.1
2023-08-22,South,5.49,0,19.1
2023-08-23,South,6.12,0,19.4
2023-08-24,South,5.51,0,19.1
2023-08-25,South,4.55,0,21.6
2023-08-26,South,4.97,0,23.2
2023-08-27,South,1.08,0,18.0
2023-08-28,South,5.46,0,18.1
2023-08-29,South,3.27,0,17.7
2023-08-30,South,3.53,0,23.7
2023-08-31,South,6.64,0,18.7
2023-09-01,South,3.78,0,21.8
2023-09-02,South,7.42,0,17.2
2023-09-03,South,4.82,0,21.3
2023-09-04,South,4.13,0,15.4
2023-09-05,South,3.95,0,20.8
2023-09-06,South,3.6,0,19.3
2023-09-07,South,0.76,0,18.8
2023-09-08,South,6.15,0,16.0
2023-09-09,South,4.56,0,18.5
2023-09-10,South,1.34,0,18.6
2023-09-11,South,5.13,0,18.0
2023-09-12,South,1.85,0,19.2
2023-09-13,South,6.05,0,19.9
2023-09-14,South,1.79,0,18.8
2023-09-15,South,2.1,0,17.7
2023-09-16,South,7.92,0,19.0
2023-09-17,South,6.88,0,19.4
2023-09-18,South,4.23,0,16.9
2023-09-19,South,3.52,0,20.5
2023-09-20,South,7.25,0,19.3
2023-09-21,South,2.57,0,18.8
2023-09-22,South,4.04,0,18.4
2023-09-23,South,5.99,0,16.7
2023-09-24,South,1.02,0,19.4
2023-09-25,South,3.57,0,15.0
2023-09-26,South,4.43,0,17.5
2023-09-27,South,1.42,0,18.4
2023-09-28,South,0.52,0,18.7
2023-09-29,South,0.17,0,19.6
2023-09-30,South,4.85,0,19.0
2023-10-01,South,0.57,0,19.5
2023-10-02,South,0.09,0,17.7
2023-10-03,South,4.4,0,18.4
2023-10-04,South,5.28,0,17.1
2023-10-05,South,7.63,0,15.3
2023-10-06,South,3.82,0,20.2
2023-10-07,South,0.37,0,20.2
2023-10-08,South,0.15,0,15.1
2023-10-09,South,4.88,0,18.4
2023-10-10,South,5.69,0,19.7
2023-10-11,South,4.83,0,14.9
2023-10-12,South,1.79,0,15.9
2023-10-13,South,1.41,0,16.6
2023-10-14,South,1.61,0,19.2
2023-10-15,South,115.67,1,18.3
2023-10-16,South,98.67,1,17.6
2023-10-17,South,7.77,0,19.2
2023-10-18,South,6.8,0,20.2
2023-10-19,South,3.34,0,20.0
2023-10-20,South,5.92,0,16.9
2023-10-21,South,6.79,0,20.3
2023-10-22,South,2.5,0,17.8
2023-10-23,South,2.95,0,19.8
2023-10-24,South,3.71,0,17.5
2023-10-25,South,1.72,0,21.3
2023-10-26,South,6.81,0,17.9
2023-10-27,South,7.41,0,19.1
2023-10-28,South,7.9,0,18.5
2023-10-29,South,5.39,0,17.8
2023-10-30,South,3.8,0,19.3
2023-10-31,South,2.68,0,18.3
2023-11-01,South,6.74,0,20.8
2023-11-02,South,5.21,0,18.6
2023-11-03,South,3.91,0,19.2
2023-11-04,South,5.5,0,20.4
2023-11-05,South,1.12,0,19.1
2023-11-06,South,4.18,0,19.4
2023-11-07,South,4.92,0,18.0
2023-11-08,South,0.87,0,20.4
2023-11-09,South,3.65,0,20.5
2023-11-10,South,3.02,0,19.9
2023-11-11,South,0.17,0,20.7
2023-11-12,South,3.37,0,18.5
2023-11-13,South,7.54,0,21.0
2023-11-14,South,6.11,0,21.4
2023-11-15,South,5.06,0,20.1
2023-11-16,South,0.34,0,20.0
2023-11-17,South,1.17,0,19.0
2023-11-18,South,0.13,0,19.6
2023-11-19,South,2.59,0,19.5
2023-11-20,South,3.8,0,21.5
2023-11-21,South,2.13,0,21.6
2023-11-22,South,3.39,0,22.5
2023-11-23,South,7.77,0,22.1
2023-11-24,South,6.88,0,19.8
2023-11-25,South,6.84,0,22.5
2023-11-26,South,7.81,0,21.6
2023-11-27,South,0.25,0,22.6
2023-11-28,South,5.44,0,24.1
2023-11-29,South,2.11,0,24.1
2023-11-30,South,5.73,0,21.8
2023-12-01,South,6.82,0,24.1
2023-12-02,South,7.2,0,21.5
2023-12-03,South,3.96,0,25.1
2023-12-04,South,5.98,0,23.6
2023-12-05,South,7.5,0,21.0
2023-12-06,South,5.71,0,21.7
2023-12-07,South,1.3,0,24.6
2023-12-08,South,1.42,0,25.6
2023-12-09,South,113.49,1,24.0
2023-12-10,South,33.56,1,22.4
2023-12-11,South,51.62,1,24.2
2023-12-12,South,32.95,1,23.9
2023-12-13,South,3.03,0,25.0
2023-12-14,South,2.62,0,25.7
2023-12-15,South,98.1,1,26.8
2023-12-16,South,113.57,1,25.3
2023-12-17,South,2.52,0,26.3
2023-12-18,South,6.75,0,26.0
2023-12-19,South,6.14,0,27.1
2023-12-20,South,7.43,0,23.4
2023-12-21,South,6.16,0,23.7
2023-12-22,South,0.27,0,26.0
2023-12-23,South,4.82,0,25.1
2023-12-24,South,2.21,0,27.4
2023-12-25,South,3.59,0,27.3
2023-12-26,South,3.4,0,27.2
2023-12-27,South,7.15,0,28.5
2023-12-28,South,4.02,0,26.3
2023-12-29,South,4.02,0,27.9
2023-12-30,South,4.53,0,28.5
2023-12-31,South,2.05,0,31.5
2023-01-01,East,7.74,0,23.0
2023-01-02,East,4.21,0,25.6
2023-01-03,East,4.67,0,24.4
2023-01-04,East,0.92,0,25.3
2023-01-05,East,0.47,0,23.4
2023-01-06,East,0.54,0,25.2
2023-01-07,East,5.3,0,23.9
2023-01-08,East,7.16,0,26.3
2023-01-09,East,4.7,0,26.6
2023-01-10,East,1.25,0,24.3
2023-01-11,East,3.64,0,27.8
2023-01-12,East,7.38,0,27.9
2023-01-13,East,7.44,0,25.1
2023-01-14,East,2.84,0,24.8
2023-01-15,East,1.52,0,27.1
2023-01-16,East,5.64,0,27.5
2023-01-17,East,5.23,0,30.1
2023-01-18,East,0.75,0,25.5
2023-01-19,East,7.01,0,27.0
2023-01-20,East,2.95,0,28.2
2023-01-21,East,0.49,0,26.0
2023-01-22,East,3.09,0,24.9
2023-01-23,East,5.02,0,27.5
2023-01-24,East,4.27,0,27.7
2023-01-25,East,4.7,0,29.8
2023-01-26,East,7.28,0,29.0
2023-01-27,East,3.43,0,29.7
2023-01-28,East,3.67,0,31.3
2023-01-29,East,1.01,0,28.8
2023-01-30,East,5.79,0,26.7
2023-01-31,East,4.9,0,29.2
2023-02-01,East,6.95,0,29.6
2023-02-02,East,1.73,0,32.7
2023-02-03,East,3.36,0,27.9
2023-02-04,East,5.63,0,28.3
2023-02-05,East,7.1,0,29.7
2023-02-06,East,2.34,0,31.8
2023-02-07,East,4.88,0,31.5
2023-02-08,East,0.32,0,27.8
2023-02-09,East,0.04,0,32.1
2023-02-10,East,6.05,0,31.5
2023-02-11,East,3.49,0,28.8
2023-02-12,East,3.45,0,32.4
2023-02-13,East,7.96,0,29.7
2023-02-14,East,1.45,0,31.7
2023-02-15,East,1.4,0,30.8
2023-02-16,East,7.35,0,31.9
2023-02-17,East,3.23,0,32.7
2023-02-18,East,7.89,0,29.6
2023-02-19,East,4.59,0,28.6
2023-02-20,East,3.01,0,33.4
2023-02-21,East,3.43,0,32.3
2023-02-22,East,2.96,0,33.4
2023-02-23,East,1.36,0,33.7
2023-02-24,East,2.3,0,33.9
2023-02-25,East,6.9,0,31.1
2023-02-26,East,0.19,0,31.6
2023-02-27,East,1.88,0,31.8
2023-02-28,East,6.36,0,35.4
2023-03-01,East,7.91,0,33.0
2023-03-02,East,0.41,0,34.7
2023-03-03,East,5.32,0,33.3
2023-03-04,East,3.35,0,36.2
2023-03-05,East,3.7,0,34.8
2023-03-06,East,2.01,0,29.4
2023-03-07,East,6.98,0,35.3
2023-03-08,East,5.55,0,31.8
2023-03-09,East,1.2,0,33.2
2023-03-10,East,6.1,0,37.4
2023-03-11,East,5.98,0,34.6
2023-03-12,East,6.05,0,30.3
2023-03-13,East,83.57,1,32.0
2023-03-14,East,53.19,1,32.5
2023-03-15,East,4.44,0,34.5
2023-03-16,East,6.02,0,33.9
2023-03-17,East,1.98,0,33.9
2023-03-18,East,2.64,0,36.1
2023-03-19,East,7.8,0,33.2
2023-03-20,East,3.9,0,36.0
2023-03-21,East,4.22,0,32.5
2023-03-22,East,0.99,0,33.5
2023-03-23,East,0.78,0,33.3
2023-03-24,East,0.55,0,32.9
2023-03-25,East,6.06,0,33.5
2023-03-26,East,4.69,0,33.2
2023-03-27,East,7.66,0,31.5
2023-03-28,East,3.5,0,33.9
2023-03-29,East,1.28,0,31.5
2023-03-30,East,3.85,0,32.3
2023-03-31,East,3.23,0,33.0
2023-04-01,East,5.26,0,35.5
2023-04-02,East,6.32,0,32.7
2023-04-03,East,2.19,0,33.5
2023-04-04,East,5.43,0,32.6
2023-04-05,East,1.77,0,31.8
2023-04-06,East,4.75,0,32.8
2023-04-07,East,3.57,0,30.5
2023-04-08,East,4.16,0,36.3
2023-04-09,East,1.14,0,35.6
2023-04-10,East,7.55,0,33.9
2023-04-11,East,0.85,0,35.4
2023-04-12,East,3.07,0,33.5
2023-04-13,East,0.89,0,31.3
2023-04-14,East,3.22,0,35.3
2023-04-15,East,7.07,0,34.6
2023-04-16,East,1.69,0,34.9
2023-04-17,East,0.27,0,32.9
2023-04-18,East,6.63,0,32.8
2023-04-19,East,7.52,0,32.3
2023-04-20,East,5.14,0,35.0
2023-04-21,East,0.96,0,30.6
2023-04-22,East,6.69,0,33.1
2023-04-23,East,4.39,0,32.1
2023-04-24,East,4.51,0,34.2
2023-04-25,East,7.3,0,32.5
2023-04-26,East,7.22,0,31.7
2023-04-27,East,4.96,0,33.4
2023-04-28,East,0.13,0,35.7
2023-04-29,East,6.25,0,32.8
2023-04-30,East,75.65,1,34.1
2023-05-01,East,60.57,1,32.7
2023-05-02,East,117.29,1,31.6
2023-05-03,East,58.77,1,31.4
2023-05-04,East,3.99,0,32.3
2023-05-05,East,2.28,0,34.2
2023-05-06,East,53.61,1,33.8
2023-05-07,East,32.79,1,34.0
2023-05-08,East,91.05,1,34.3
2023-05-09,East,4.83,0,31.5
2023-05-10,East,0.8,0,32.2
2023-05-11,East,0.13,0,30.9
2023-05-12,East,6.61,0,32.5
2023-05-13,East,5.57,0,34.2
2023-05-14,East,7.41,0,31.1
2023-05-15,East,0.61,0,32.3
2023-05-16,East,60.09,1,30.4
2023-05-17,East,70.6,1,31.9
2023-05-18,East,99.09,1,31.2
2023-05-19,East,1.0,0,29.5
2023-05-20,East,0.71,0,31.6
2023-05-21,East,7.61,0,31.2
2023-05-22,East,3.65,0,30.4
2023-05-23,East,1.15,0,33.3
2023-05-24,East,5.33,0,27.6
2023-05-25,East,6.55,0,26.9
2023-05-26,East,2.17,0,26.7
2023-05-27,East,6.89,0,32.0
2023-05-28,East,7.02,0,31.6
2023-05-29,East,7.45,0,28.0
2023-05-30,East,4.48,0,26.6
2023-05-31,East,1.93,0,30.1
2023-06-01,East,7.1,0,28.9
2023-06-02,East,3.43,0,27.4
2023-06-03,East,6.58,0,27.2
2023-06-04,East,6.08,0,29.1
2023-06-05,East,2.33,0,28.5
2023-06-06,East,6.39,0,29.2
2023-06-07,East,7.94,0,28.8
2023-06-08,East,5.96,0,26.7
2023-06-09,East,3.16,0,24.9
2023-06-10,East,1.81,0,29.7
2023-06-11,East,3.15,0,29.2
2023-06-12,East,6.45,0,27.0
2023-06-13,East,4.6,0,24.6
2023-06-14,East,3.58,0,26.4
2023-06-15,East,4.66,0,26.8
2023-06-16,East,6.54,0,29.1
2023-06-17,East,6.4,0,28.8
2023-06-18,East,4.66,0,26.1
2023-06-19,East,1.91,0,24.9
2023-06-20,East,4.09,0,24.5
2023-06-21,East,7.01,0,27.5
2023-06-22,East,1.33,0,27.4
2023-06-23,East,3.15,0,26.5
2023-06-24,East,4.26,0,25.2
2023-06-25,East,5.68,0,27.3
2023-06-26,East,1.84,0,24.2
2023-06-27,East,7.78,0,23.2
2023-06-28,East,1.12,0,26.5
2023-06-29,East,4.03,0,23.6
2023-06-30,East,80.08,1,24.0
2023-07-01,East,102.67,1,22.6
2023-07-02,East,66.93,1,23.4
2023-07-03,East,6.28,0,23.9
2023-07-04,East,7.14,0,23.5
2023-07-05,East,4.44,0,25.6
2023-07-06,East,3.68,0,22.9
2023-07-07,East,5.65,0,23.8
2023-07-08,East,6.76,0,24.7
2023-07-09,East,2.88,0,21.7
2023-07-10,East,1.49,0,19.9
2023-07-11,East,1.8,0,19.5
2023-07-12,East,0.65,0,22.1
2023-07-13,East,6.96,0,23.5
2023-07-14,East,4.2,0,22.5
2023-07-15,East,0.8,0,20.0
2023-07-16,East,7.56,0,21.8
2023-07-17,East,6.73,0,17.1
2023-07-18,East,6.4,0,21.1
2023-07-19,East,6.03,0,19.3
2023-07-20,East,4.11,0,21.0
2023-07-21,East,0.94,0,19.1
2023-07-22,East,2.81,0,17.9
2023-07-23,East,5.49,0,19.8
2023-07-24,East,3.08,0,23.0
2023-07-25,East,5.92,0,18.1
2023-07-26,East,4.64,0,19.9
2023-07-27,East,5.44,0,19.4
2023-07-28,East,3.94,0,18.3
2023-07-29,East,0.95,0,16.8
2023-07-30,East,5.85,0,20.9
2023-07-31,East,0.36,0,20.3
2023-08-01,East,0.23,0,16.6
2023-08-02,East,4.77,0,17.0
2023-08-03,East,2.3,0,19.8
2023-08-04,East,7.65,0,16.1
2023-08-05,East,3.72,0,17.6
2023-08-06,East,5.89,0,20.9
2023-08-07,East,3.7,0,19.6
2023-08-08,East,5.15,0,17.7
2023-08-09,East,2.97,0,18.7
2023-08-10,East,3.46,0,16.2
2023-08-11,East,1.68,0,18.3
2023-08-12,East,0.51,0,17.6
2023-08-13,East,3.04,0,16.5
2023-08-14,East,2.57,0,17.0
2023-08-15,East,5.29,0,18.7
2023-08-16,East,3.66,0,17.8
2023-08-17,East,2.54,0,15.9
2023-08-18,East,0.99,0,18.0
2023-08-19,East,7.45,0,16.8
2023-08-20,East,3.66,0,16.9
2023-08-21,East,0.95,0,15.4
2023-08-22,East,3.21,0,15.5
2023-08-23,East,38.42,1,17.3
2023-08-24,East,59.62,1,17.3
2023-08-25,East,0.19,0,16.9
2023-08-26,East,1.01,0,15.7
2023-08-27,East,4.94,0,13.2
2023-08-28,East,0.71,0,17.1
2023-08-29,East,4.98,0,16.3
2023-08-30,East,7.45,0,15.8
2023-08-31,East,3.03,0,15.1
2023-09-01,East,0.46,0,16.4
2023-09-02,East,5.64,0,14.3
2023-09-03,East,5.39,0,16.6
2023-09-04,East,1.95,0,17.1
2023-09-05,East,5.67,0,17.3
2023-09-06,East,44.49,1,14.4
2023-09-07,East,35.4,1,12.6
2023-09-08,East,4.71,0,19.3
2023-09-09,East,4.75,0,15.5
2023-09-10,East,7.06,0,15.5
2023-09-11,East,2.57,0,13.0
2023-09-12,East,0.09,0,11.2
2023-09-13,East,6.52,0,13.2
2023-09-14,East,3.35,0,15.8
2023-09-15,East,7.66,0,14.4
2023-09-16,East,6.21,0,14.5
2023-09-17,East,4.14,0,13.1
2023-09-18,East,0.09,0,13.2
2023-09-19,East,0.81,0,15.7
2023-09-20,East,4.34,0,15.4
2023-09-21,East,4.59,0,15.7
2023-09-22,East,5.21,0,14.2
2023-09-23,East,4.05,0,12.3
2023-09-24,East,5.68,0,16.9
2023-09-25,East,4.91,0,14.6
2023-09-26,East,4.85,0,16.8
2023-09-27,East,0.49,0,12.9
2023-09-28,East,4.88,0,13.0
2023-09-29,East,2.48,0,15.2
2023-09-30,East,3.78,0,13.5
2023-10-01,East,7.83,0,15.8
2023-10-02,East,4.75,0,9.9
2023-10-03,East,0.68,0,13.4
2023-10-04,East,0.89,0,15.9
2023-10-05,East,2.34,0,13.8
2023-10-06,East,5.59,0,14.7
2023-10-07,East,7.59,0,12.3
2023-10-08,East,1.88,0,13.6
2023-10-09,East,3.79,0,12.6
2023-10-10,East,1.13,0,14.4
2023-10-11,East,4.82,0,14.1
2023-10-12,East,0.52,0,14.2
2023-10-13,East,7.88,0,13.2
2023-10-14,East,0.04,0,15.8
2023-10-15,East,3.04,0,13.4
2023-10-16,East,3.58,0,13.2
2023-10-17,East,7.35,0,17.8
2023-10-18,East,0.78,0,14.1
2023-10-19,East,4.92,0,13.8
2023-10-20,East,1.72,0,14.9
2023-10-21,East,3.54,0,17.0
2023-10-22,East,2.99,0,13.9
2023-10-23,East,1.46,0,18.2
2023-10-24,East,0.13,0,16.7
2023-10-25,East,5.79,0,12.5
2023-10-26,East,2.7,0,12.0
2023-10-27,East,2.14,0,16.1
2023-10-28,East,5.27,0,14.4
2023-10-29,East,2.53,0,14.3
2023-10-30,East,4.37,0,15.8
2023-10-31,East,7.33,0,12.3
2023-11-01,East,3.72,0,16.0
2023-11-02,East,3.12,0,15.5
2023-11-03,East,1.56,0,14.3
2023-11-04,East,5.13,0,16.5
2023-11-05,East,5.17,0,17.4
2023-11-06,East,2.41,0,15.7
2023-11-07,East,5.25,0,17.9
2023-11-08,East,1.28,0,15.4
2023-11-09,East,2.18,0,16.9
2023-11-10,East,2.65,0,18.4
2023-11-11,East,1.54,0,15.1
2023-11-12,East,5.51,0,14.8
2023-11-13,East,7.21,0,15.6
2023-11-14,East,5.77,0,17.1
2023-11-15,East,0.45,0,16.4
2023-11-16,East,2.43,0,17.7
2023-11-17,East,0.51,0,18.4
2023-11-18,East,5.88,0,18.4
2023-11-19,East,1.47,0,17.4
2023-11-20,East,2.83,0,19.1
2023-11-21,East,2.65,0,18.0
2023-11-22,East,7.33,0,18.9
2023-11-23,East,7.71,0,18.1
2023-11-24,East,4.81,0,17.1
2023-11-25,East,1.51,0,20.9
2023-11-26,East,7.89,0,17.3
2023-11-27,East,7.88,0,17.0
2023-11-28,East,6.94,0,20.2
2023-11-29,East,114.33,1,19.0
2023-11-30,East,74.24,1,17.7
2023-12-01,East,0.64,0,21.5
2023-12-02,East,1.15,0,20.3
2023-12-03,East,0.21,0,18.1
2023-12-04,East,5.18,0,19.8
2023-12-05,East,0.75,0,20.0
2023-12-06,East,6.09,0,20.4
2023-12-07,East,5.2,0,21.0
2023-12-08,East,0.03,0,19.2
2023-12-09,East,0.76,0,22.2
2023-12-10,East,6.33,0,23.4
2023-12-11,East,5.98,0,19.4
2023-12-12,East,55.25,1,20.2
2023-12-13,East,54.68,1,22.2
2023-12-14,East,98.39,1,23.8
2023-12-15,East,6.46,0,19.9
2023-12-16,East,5.18,0,20.5
2023-12-17,East,0.9,0,21.2
2023-12-18,East,1.31,0,21.7
2023-12-19,East,2.28,0,23.0
2023-12-20,East,7.19,0,20.8
2023-12-21,East,2.4,0,20.5
2023-12-22,East,2.76,0,23.9
2023-12-23,East,3.78,0,20.0
2023-12-24,East,2.17,0,23.7
2023-12-25,East,6.43,0,20.7
2023-12-26,East,4.52,0,24.2
2023-12-27,East,5.57,0,22.2
2023-12-28,East,2.71,0,21.4
2023-12-29,East,6.11,0,21.9
2023-12-30,East,7.68,0,21.9
2023-12-31,East,5.68,0,23.4
2023-01-01,West,3.87,0,21.7
2023-01-02,West,0.84,0,21.8
2023-01-03,West,2.21,0,24.0
2023-01-04,West,5.11,0,22.6
2023-01-05,West,0.72,0,24.4
2023-01-06,West,5.76,0,24.8
2023-01-07,West,3.9,0,25.3
2023-01-08,West,3.98,0,20.6
2023-01-09,West,58.73,1,23.4
2023-01-10,West,119.95,1,21.8
2023-01-11,West,0.5,0,23.2
2023-01-12,West,0.57,0,25.4
2023-01-13,West,4.37,0,25.9
2023-01-14,West,0.51,0,22.7
2023-01-15,West,0.68,0,24.9
2023-01-16,West,69.06,1,25.2
2023-01-17,West,102.12,1,22.9
2023-01-18,West,106.22,1,25.3
2023-01-19,West,106.39,1,25.1
2023-01-20,West,7.55,0,24.8
2023-01-21,West,63.0,1,24.2
2023-01-22,West,77.22,1,25.9
2023-01-23,West,4.17,0,28.3
2023-01-24,West,1.26,0,21.9
2023-01-25,West,5.38,0,24.9
2023-01-26,West,6.19,0,26.1
2023-01-27,West,0.93,0,24.8
2023-01-28,West,3.96,0,25.5
2023-01-29,West,3.84,0,27.9
2023-01-30,West,2.54,0,25.8
2023-01-31,West,4.77,0,28.7
2023-02-01,West,5.55,0,26.9
2023-02-02,West,3.53,0,28.2
2023-02-03,West,6.84,0,28.2
2023-02-04,West,3.39,0,27.9
2023-02-05,West,3.64,0,29.2
2023-02-06,West,6.93,0,28.7
2023-02-07,West,1.62,0,26.6
2023-02-08,West,7.56,0,29.2
2023-02-09,West,1.11,0,30.0
2023-02-10,West,0.23,0,27.5
2023-02-11,West,0.6,0,26.2
2023-02-12,West,5.18,0,29.9
2023-02-13,West,4.19,0,29.7
2023-02-14,West,6.5,0,28.6
2023-02-15,West,4.05,0,26.3
2023-02-16,West,1.07,0,28.8
2023-02-17,West,2.4,0,27.7
2023-02-18,West,6.29,0,30.6
2023-02-19,West,6.89,0,27.4
2023-02-20,West,3.22,0,30.0
2023-02-21,West,0.69,0,29.9
2023-02-22,West,6.57,0,28.7
2023-02-23,West,7.88,0,29.1
2023-02-24,West,2.63,0,30.4
2023-02-25,West,83.66,1,30.5
2023-02-26,West,46.91,1,31.0
2023-02-27,West,7.03,0,30.0
2023-02-28,West,6.05,0,30.1
2023-03-01,West,5.54,0,29.7
2023-03-02,West,119.18,1,30.3
2023-03-03,West,114.38,1,30.3
2023-03-04,West,101.27,1,33.7
2023-03-05,West,101.06,1,30.8
2023-03-06,West,6.01,0,30.2
2023-03-07,West,2.41,0,29.5
2023-03-08,West,3.51,0,29.6
2023-03-09,West,3.28,0,29.9
2023-03-10,West,6.61,0,30.5
2023-03-11,West,4.51,0,30.3
2023-03-12,West,6.71,0,29.5
2023-03-13,West,6.0,0,30.9
2023-03-14,West,1.67,0,31.5
2023-03-15,West,4.88,0,31.8
2023-03-16,West,5.74,0,31.7
2023-03-17,West,6.83,0,31.9
2023-03-18,West,0.01,0,31.5
2023-03-19,West,4.54,0,36.0
2023-03-20,West,5.45,0,32.6
2023-03-21,West,5.66,0,29.4
2023-03-22,West,7.35,0,32.0
2023-03-23,West,1.38,0,30.9
2023-03-24,West,4.17,0,34.8
2023-03-25,West,3.05,0,32.0
2023-03-26,West,0.87,0,31.4
2023-03-27,West,3.88,0,31.2
2023-03-28,West,44.79,1,34.9
2023-03-29,West,101.58,1,34.2
2023-03-30,West,1.24,0,30.6
2023-03-31,West,4.35,0,32.2
2023-04-01,West,2.64,0,29.9
2023-04-02,West,7.98,0,34.0
2023-04-03,West,6.91,0,33.4
2023-04-04,West,4.15,0,33.6
2023-04-05,West,3.99,0,32.9
2023-04-06,West,4.11,0,33.7
2023-04-07,West,7.24,0,33.3
2023-04-08,West,6.5,0,33.2
2023-04-09,West,6.7,0,32.3
2023-04-10,West,1.12,0,30.1
2023-04-11,West,2.58,0,32.2
2023-04-12,West,2.05,0,33.3
2023-04-13,West,6.13,0,32.7
2023-04-14,West,5.78,0,32.7
2023-04-15,West,3.12,0,34.2
2023-04-16,West,2.34,0,32.5
2023-04-17,West,6.45,0,29.5
2023-04-18,West,7.98,0,32.1
2023-04-19,West,2.29,0,31.4
2023-04-20,West,1.76,0,30.4
2023-04-21,West,42.89,1,29.0
2023-04-22,West,47.91,1,33.7
2023-04-23,West,89.04,1,29.3
2023-04-24,West,7.12,0,33.6
2023-04-25,West,2.92,0,31.7
2023-04-26,West,7.71,0,32.5
2023-04-27,West,3.61,0,29.8
2023-04-28,West,4.49,0,30.7
2023-04-29,West,5.14,0,29.9
2023-04-30,West,7.72,0,29.7
2023-05-01,West,4.71,0,28.9
2023-05-02,West,1.73,0,32.0
2023-05-03,West,2.21,0,31.2
2023-05-04,West,1.41,0,31.5
2023-05-05,West,2.8,0,30.1
2023-05-06,West,6.87,0,31.3
2023-05-07,West,2.47,0,31.4
2023-05-08,West,0.66,0,30.6
2023-05-09,West,7.04,0,29.0
2023-05-10,West,7.27,0,30.1
2023-05-11,West,1.92,0,30.7
2023-05-12,West,1.03,0,29.5
2023-05-13,West,2.88,0,28.0
2023-05-14,West,2.77,0,28.6
2023-05-15,West,2.58,0,32.0
2023-05-16,West,0.43,0,32.9
2023-05-17,West,3.41,0,26.4
2023-05-18,West,0.76,0,32.6
2023-05-19,West,4.92,0,28.9
2023-05-20,West,4.8,0,30.9
2023-05-21,West,6.02,0,29.5
2023-05-22,West,0.38,0,27.7
2023-05-23,West,7.07,0,25.5
2023-05-24,West,5.47,0,27.1
2023-05-25,West,2.65,0,28.5
2023-05-26,West,5.87,0,29.5
2023-05-27,West,7.94,0,27.8
2023-05-28,West,6.66,0,28.5
2023-05-29,West,7.48,0,26.5
2023-05-30,West,4.12,0,25.4
2023-05-31,West,6.56,0,27.5
2023-06-01,West,1.99,0,29.5
2023-06-02,West,7.49,0,26.5
2023-06-03,West,4.63,0,26.1
2023-06-04,West,2.04,0,28.7
2023-06-05,West,3.53,0,27.5
2023-06-06,West,6.85,0,25.9
2023-06-07,West,5.74,0,26.1
2023-06-08,West,2.48,0,25.3
2023-06-09,West,4.09,0,23.4
2023-06-10,West,3.72,0,23.0
2023-06-11,West,2.23,0,26.2
2023-06-12,West,7.91,0,23.3
2023-06-13,West,1.99,0,26.0
2023-06-14,West,4.1,0,24.0
2023-06-15,West,5.05,0,24.1
2023-06-16,West,5.45,0,22.8
2023-06-17,West,3.93,0,26.5
2023-06-18,West,6.06,0,21.4
2023-06-19,West,6.69,0,23.0
2023-06-20,West,4.2,0,22.4
2023-06-21,West,1.02,0,22.5
2023-06-22,West,1.77,0,24.4
2023-06-23,West,80.61,1,23.2
2023-06-24,West,88.4,1,24.0
2023-06-25,West,67.38,1,22.9
2023-06-26,West,31.4,1,21.8
2023-06-27,West,1.43,0,23.4
2023-06-28,West,5.33,0,22.7
2023-06-29,West,6.39,0,23.8
2023-06-30,West,4.51,0,22.6
2023-07-01,West,3.12,0,22.5
2023-07-02,West,5.49,0,26.2
2023-07-03,West,5.02,0,21.1
2023-07-04,West,5.78,0,20.6
2023-07-05,West,2.62,0,20.3
2023-07-06,West,3.81,0,25.4
2023-07-07,West,3.76,0,22.4
2023-07-08,West,5.48,0,20.5
2023-07-09,West,2.26,0,21.8
2023-07-10,West,5.22,0,20.2
2023-07-11,West,5.64,0,17.7
2023-07-12,West,3.39,0,20.7
2023-07-13,West,3.13,0,21.8
2023-07-14,West,6.43,0,21.3
2023-07-15,West,0.65,0,17.7
2023-07-16,West,90.83,1,21.2
2023-07-17,West,115.43,1,18.0
2023-07-18,West,2.06,0,16.4
2023-07-19,West,2.97,0,17.6
2023-07-20,West,0.96,0,17.0
2023-07-21,West,0.02,0,21.4
2023-07-22,West,94.57,1,18.0
2023-07-23,West,94.16,1,16.2
2023-07-24,West,117.7,1,19.2
2023-07-25,West,118.82,1,16.5
2023-07-26,West,2.04,0,17.4
2023-07-27,West,4.13,0,18.2
2023-07-28,West,4.96,0,16.3
2023-07-29,West,1.07,0,18.0
2023-07-30,West,6.48,0,16.5
2023-07-31,West,2.99,0,16.5
2023-08-01,West,7.05,0,17.3
2023-08-02,West,4.09,0,18.3
2023-08-03,West,3.09,0,16.4
2023-08-04,West,4.15,0,17.8
2023-08-05,West,3.44,0,14.7
2023-08-06,West,2.77,0,16.0
2023-08-07,West,4.48,0,16.5
2023-08-08,West,1.11,0,15.5
2023-08-09,West,4.69,0,15.7
2023-08-10,West,3.98,0,15.8
2023-08-11,West,5.19,0,19.7
2023-08-12,West,0.58,0,16.3
2023-08-13,West,4.87,0,14.8
2023-08-14,West,1.68,0,13.5
2023-08-15,West,2.36,0,15.7
2023-08-16,West,7.55,0,13.2
2023-08-17,West,4.75,0,13.2
2023-08-18,West,0.85,0,15.2
2023-08-19,West,1.04,0,13.0
2023-08-20,West,2.76,0,12.6
2023-08-21,West,1.27,0,12.7
2023-08-22,West,7.63,0,14.7
2023-08-23,West,1.58,0,14.6
2023-08-24,West,0.44,0,14.1
2023-08-25,West,5.21,0,13.5
2023-08-26,West,4.65,0,11.7
2023-08-27,West,0.57,0,14.7
2023-08-28,West,7.92,0,16.3
2023-08-29,West,3.38,0,14.5
2023-08-30,West,1.9,0,13.1
2023-08-31,West,3.63,0,11.0
2023-09-01,West,5.73,0,11.0
2023-09-02,West,1.93,0,12.5
2023-09-03,West,3.96,0,12.8
2023-09-04,West,4.9,0,13.4
2023-09-05,West,7.44,0,12.5
2023-09-06,West,4.39,0,12.9
2023-09-07,West,0.7,0,10.7
2023-09-08,West,1.55,0,11.2
2023-09-09,West,6.37,0,14.3
2023-09-10,West,5.3,0,14.4
2023-09-11,West,4.09,0,14.8
2023-09-12,West,4.37,0,11.3
2023-09-13,West,6.77,0,12.4
2023-09-14,West,3.54,0,12.3
2023-09-15,West,7.4,0,15.9
2023-09-16,West,1.93,0,12.4
2023-09-17,West,7.6,0,13.8
2023-09-18,West,3.59,0,14.2
2023-09-19,West,2.34,0,11.5
2023-09-20,West,6.4,0,10.7
2023-09-21,West,1.29,0,10.6
2023-09-22,West,6.31,0,12.5
2023-09-23,West,7.28,0,12.5
2023-09-24,West,5.18,0,13.2
2023-09-25,West,0.23,0,11.7
2023-09-26,West,4.59,0,10.8
2023-09-27,West,2.96,0,12.7
2023-09-28,West,2.48,0,12.4
2023-09-29,West,4.31,0,11.0
2023-09-30,West,1.43,0,13.5
2023-10-01,West,6.69,0,10.1
2023-10-02,West,2.59,0,12.4
2023-10-03,West,5.49,0,11.5
2023-10-04,West,5.27,0,10.8
2023-10-05,West,7.26,0,12.4
2023-10-06,West,5.82,0,12.3
2023-10-07,West,2.57,0,13.5
2023-10-08,West,4.0,0,12.4
2023-10-09,West,4.72,0,9.8
2023-10-10,West,3.87,0,11.2
2023-10-11,West,7.1,0,12.4
2023-10-12,West,1.22,0,13.1
2023-10-13,West,6.39,0,12.5
2023-10-14,West,5.01,0,11.2
2023-10-15,West,4.07,0,12.1
2023-10-16,West,6.85,0,10.9
2023-10-17,West,3.12,0,11.5
2023-10-18,West,3.06,0,13.8
2023-10-19,West,0.25,0,11.7
2023-10-20,West,3.33,0,13.8
2023-10-21,West,4.65,0,12.5
2023-10-22,West,0.57,0,11.7
2023-10-23,West,4.19,0,13.3
2023-10-24,West,3.17,0,12.6
2023-10-25,West,0.16,0,12.6
2023-10-26,West,3.68,0,11.1
2023-10-27,West,7.97,0,12.3
2023-10-28,West,4.44,0,14.7
2023-10-29,West,5.23,0,12.6
2023-10-30,West,1.02,0,12.0
2023-10-31,West,7.35,0,14.5
2023-11-01,West,1.07,0,12.3
2023-11-02,West,0.65,0,10.9
2023-11-03,West,6.69,0,14.2
2023-11-04,West,0.94,0,13.9
2023-11-05,West,0.82,0,13.3
2023-11-06,West,0.85,0,15.8
2023-11-07,West,6.01,0,14.8
2023-11-08,West,3.59,0,14.9
2023-11-09,West,2.85,0,15.9
2023-11-10,West,4.54,0,13.2
2023-11-11,West,0.57,0,12.9
2023-11-12,West,1.45,0,14.4
2023-11-13,West,1.22,0,14.3
2023-11-14,West,4.83,0,13.6
2023-11-15,West,2.05,0,13.3
2023-11-16,West,5.86,0,15.3
2023-11-17,West,1.37,0,14.9
2023-11-18,West,4.3,0,15.7
2023-11-19,West,6.62,0,12.6
2023-11-20,West,5.74,0,15.3
2023-11-21,West,0.17,0,17.8
2023-11-22,West,2.72,0,14.8
2023-11-23,West,4.25,0,17.9
2023-11-24,West,0.24,0,14.1
2023-11-25,West,2.23,0,14.2
2023-11-26,West,2.27,0,14.6
2023-11-27,West,4.09,0,17.2
2023-11-28,West,6.34,0,16.7
2023-11-29,West,3.83,0,15.6
2023-11-30,West,1.69,0,17.5
2023-12-01,West,6.85,0,15.9
2023-12-02,West,0.06,0,15.1
2023-12-03,West,1.04,0,17.9
2023-12-04,West,7.28,0,16.4
2023-12-05,West,4.84,0,18.9
2023-12-06,West,0.6,0,19.7
2023-12-07,West,3.22,0,15.5
2023-12-08,West,4.26,0,16.9
2023-12-09,West,5.71,0,21.5
2023-12-10,West,0.1,0,18.5
2023-12-11,West,2.75,0,18.1
2023-12-12,West,4.16,0,19.6
2023-12-13,West,6.56,0,19.0
2023-12-14,West,7.48,0,19.8
2023-12-15,West,3.18,0,21.7
2023-12-16,West,4.95,0,17.7
2023-12-17,West,4.41,0,20.2
2023-12-18,West,6.72,0,21.1
2023-12-19,West,7.52,0,18.5
2023-12-20,West,6.72,0,21.0
2023-12-21,West,32.25,1,20.2
2023-12-22,West,103.04,1,20.5
2023-12-23,West,41.21,1,18.9
2023-12-24,West,5.84,0,19.7
2023-12-25,West,7.02,0,21.3
2023-12-26,West,1.46,0,23.3
2023-12-27,West,0.42,0,22.0
2023-12-28,West,7.62,0,23.0
2023-12-29,West,5.93,0,23.9
2023-12-30,West,5.28,0,23.5
2023-12-31,West,0.95,0,23.3
